iteration,lossGD,lossLSGD,errorGD,errorLSGD
1,15.68880675001088,11.239246524200118,18.508614880275957,13.080460779594896
2,90.01117098905532,6.055445890908789,53.26546913703884,7.210415951474485
3,15.33560508023498,5.730077790708279,13.846184368846856,6.876768773972362
4,24.756066382878775,5.623353236966887,26.265279065304554,6.722833922169057
5,27.56853954313541,5.421938622368863,28.65509104509048,6.4840199658094395
6,14.81335472263774,5.340840911592394,17.711121183367453,6.342763842027054
7,11.508464183690046,5.291372222261938,12.336386366819642,6.241611992389156
8,18.57990948723578,5.221636033125111,14.81739656264309,6.1050003685771435
9,20.63266568395241,5.191306709460931,15.943397608916493,6.008912895652826
10,16.037276581335576,5.179935798900939,13.973936177554252,5.961625269190152
11,11.834035482415672,5.168375055758702,12.645766752744265,5.909221412137018
12,11.233920268653813,5.157909841849045,13.614865746719508,5.848095001687448
13,12.874397314140888,5.1499272203822954,15.731837925642964,5.789514712610794
14,14.261526106016461,5.145308041548956,17.171514654200667,5.740302131732992
15,14.173122150928911,5.141954122054765,17.07963114745421,5.702874121855944
16,12.927672022905751,5.139828539168458,15.756846848391422,5.676769939106444
17,11.470040077873522,5.138356000068148,13.988975157044608,5.6528020144862055
18,10.550800755499107,5.135133806403857,12.440015552752394,5.626063685718268
19,10.422680048678568,5.130197301487737,11.420371648642446,5.5886045729853615
20,10.879085131392689,5.127743089147267,10.914331836078969,5.566687984550091
21,11.449801345719717,5.125410838957018,10.71522415410363,5.546150680463838
22,11.699121270508515,5.123383699507907,10.604561043650929,5.525992557324754
23,11.487869905564821,5.121763903797748,10.496675382202092,5.51287831671903
24,10.99294780668437,5.120541905453232,10.449144042548179,5.50786643816778
25,10.503498388941335,5.118774460693907,10.557305888504745,5.506195469343448
26,10.215871082115923,5.1166471434508285,10.853491613054842,5.512442860425321
27,10.167959809642536,5.113610374159593,11.283821615059543,5.540277353468385
28,10.284784605670195,5.109126513679843,11.743134521862725,5.629858859350895
29,10.45256711556913,5.104100738225366,12.121238977557416,5.859989169606395
30,10.5744927878489,5.101415664956196,12.336062059213685,6.244343076162561
31,10.599212686930302,5.098404740111755,12.350046585932134,6.749932354825818
32,10.52584605661967,5.096411048869214,12.171742459826438,7.178570151020371
33,10.39145283531482,5.094928797774,11.84552954150336,7.633739660254558
34,10.24916400265281,5.092472820676232,11.434701664236373,8.403155274588492
35,10.146043413218553,5.088565324290902,11.004395780780767,9.716827170354367
36,10.107358119382432,5.083562603173833,10.609043068216131,11.515500580252382
37,10.130444105118027,5.079388256575098,10.285881552287702,13.830570040870622
38,10.189009625775622,5.073147445810245,10.054028974479559,17.031511633406655
39,10.246472498863813,5.066808648643468,9.917832837189465,22.933555518621876
40,10.273083505717594,5.058578187791356,9.87243100255296,33.79786285111657
41,10.258336607126765,5.0564815552774895,9.908655025923728,32.39581300022462
42,10.212189923994465,5.049340817335146,10.015088489499187,46.62696268481138
43,10.15597374694434,5.040482859370087,10.177507509055236,69.90504114957301
44,10.110155761989741,5.034486322975173,10.37791615439971,74.6375636283165
45,10.086133765973472,5.024683863539943,10.595118327615364,105.54664062098512
46,10.084564894505117,5.009785797280265,10.807021002430838,227.5005573990971
47,10.09843477800919,5.005479785233918,10.993575786337,253.0488939480069
48,10.117727639604858,4.991623114654514,11.139205559619574,339.16937817013354
49,10.13341819507044,4.983030871307097,11.234172657925171,365.7051610633266
50,10.139853973615562,4.975085723149938,11.274896248094521,440.1399802494158
51,10.135505926594105,4.967314980957015,11.263468954572868,596.811058752919
52,10.122457441532493,4.958425069144427,11.20665213229887,915.368166408542
53,10.105098685063453,4.950004051487762,11.11458537129608,1339.2466702739137
54,10.088477649312726,4.943209937476737,10.999393745955896,1610.6789205033735
55,10.076717153152481,4.936419789573762,10.87383052663765,1875.2222742175982
56,10.071859961779806,4.928637489435102,10.750059148821567,2265.661590375543
57,10.073429178399206,4.919900877715663,10.638658579140047,2857.399724191869
58,10.078837046880057,4.913555415819466,10.547918373168418,3128.6560170080706
59,10.084515204000745,4.909994359412169,10.48345159185732,3506.6627581008934
60,10.087341708906,4.900508584967282,10.44809167733249,5107.216348072705
61,10.08577525002657,4.900023538566228,10.441986686852088,5402.510582367382
62,10.08022792676569,4.894737729882293,10.46280560179918,7950.86847016383
63,10.072588859443027,4.889425977775661,10.506030367705614,11720.767258788937
64,10.065224212489625,4.887593858226517,10.565371055563313,10661.26496417433
65,10.059972349251534,4.886293590788233,10.633350255482465,9412.346495016407
66,10.057549266706378,4.882129748631074,10.702048617714597,11352.102408215957
67,10.057505187554263,4.882215115940561,10.763931415396925,11925.32641258678
68,10.0586164962945,4.879538491003977,10.81263537003624,16057.489489423893
69,10.059468625497527,4.878323430612184,10.843600755149422,19573.42075858563
70,10.058987497936672,4.876942145435404,10.854469730815806,22913.750041177595
71,10.056755864001225,4.8759196670416864,10.845215109901604,24395.549402676552
72,10.053052434749528,4.874840582824137,10.818001433782458,25108.639338269277
73,10.048644257341113,4.873456789702686,10.776810040505584,26916.889410828
74,10.044431852424541,4.872008462714547,10.726883455484984,29654.523370914296
75,10.041083834278067,4.8714346426806365,10.674062527302434,32221.89403570869
76,10.038794988334296,4.8702937062767395,10.624100189307313,37079.20083506668
77,10.037254405449094,4.868674394910194,10.582034789913628,43717.51147608009
78,10.035826468855275,4.868439746162634,10.551691101071333,42886.59837342845
79,10.033856040663732,4.86810945867734,10.535350910838687,44473.066895371354
80,10.030953479344227,4.86833911567099,10.53360631364571,43077.58205625833
81,10.027129058193061,4.8684742656450934,10.545388000230137,43438.585628503235
82,10.0227269720201,4.867631529126518,10.568152447017276,51416.45671265664
83,10.018211822965588,4.866418127822729,10.59821044116058,64787.36875834484
84,10.013927132810718,4.865418156006001,10.631174659669163,76809.04321216406
85,10.009943625949827,4.864678330052572,10.662490506037983,82591.8904310698
86,10.006055610959487,4.8638927496737185,10.68799558694425,82807.73096185844
87,10.001906224028419,4.863207174363311,10.704437963679432,77799.89586738372
88,9.997166123858584,4.863700760896348,10.709879397243611,71984.4101670915
89,9.99167589496258,4.862425732584746,10.703920394103408,80727.229623038
90,9.98548880714442,4.860724153326838,10.68770788184111,96113.60052863177
91,9.978801986266895,4.858864118215183,10.663719928704403,110594.72946384914
92,9.971817965119456,4.8574387756470445,10.63535904418425,113760.7919936764
93,9.964611944430427,4.861051425593228,10.606418403172482,77104.83459549441
94,9.95707627449454,4.857940767445033,10.580505599900274,101188.33331121589
95,9.948971193449598,4.862150296200099,10.560510916107324,75470.60345150258
96,9.94004934764627,4.8602023682752336,10.548192723170642,117657.1329921199
97,9.930176416161466,4.859229485834521,10.543929760092709,154455.55384789984
98,9.919372194047352,4.857162319434059,10.546669014788312,178443.6831989343
99,9.90774830386695,4.857734264550464,10.554083140676019,140933.44601416736
100,9.895387567253081,4.855324661318555,10.562936847940941,171569.10324416173
101,9.88224873654898,4.8548915216414805,10.569636317374307,140062.4420132875
102,9.868161271963704,4.852079508925185,10.570894117011829,181886.2531003951
103,9.852910745116624,4.85484313461708,10.56439331803734,139863.2382733889
104,9.836350404564751,4.851870208570438,10.549300411390263,173035.11342629942
105,9.818454667876566,4.853882964126374,10.526481567243934,164830.15107706818
106,9.799273042333716,4.846830500163812,10.49833323475861,283112.3442104778
107,9.778821282845467,4.849346544693575,10.46823574891314,157077.41093287308
108,9.757001355406826,4.844498109133497,10.439744482246388,204732.4398770111
109,9.733622126511627,4.844280243254879,10.415706913729226,157723.89486648986
110,9.708504350611278,4.8390918088877175,10.39751303099002,222213.79641650035
111,9.68157060796636,4.835621074440471,10.384659438130951,233064.27614407716
112,9.652828783751056,4.8413853185005795,10.374758870511572,243706.57349271464
113,9.622262362829908,4.83452653686678,10.364061338159274,256342.84531216082
114,9.589741838772245,4.833707600968744,10.348443760575337,227043.2896542693
115,9.555054724064714,4.824875016051605,10.324653834530698,546742.4728164849
116,9.518020884837732,4.820414217804823,10.29141340714954,298046.24652208656
117,9.478556122237944,4.819127750837122,10.249922695087294,103880.43455000999
118,9.436602433692022,4.80734363853217,10.203467184420047,169378.40640640407
119,9.392010527734067,4.805136026239101,10.156185555538155,263149.0681020972
120,9.344531375876773,4.810899861891754,10.111429395567464,159223.16043787007
121,9.293933240565963,4.811079446584275,10.070338708544917,182245.97250124265
122,9.240081452317007,4.804148349746669,10.031214228761975,493459.606272755
123,9.182868063681855,4.802046642681448,9.990044822933415,215416.44054072103
124,9.122111096021783,4.803497132981563,9.94216332767403,89520.71507721163
125,9.057602919308932,4.796414628712802,9.884453685860617,148159.73222582496
126,8.989252221113915,4.796567585984099,9.817036993179098,132331.65187341566
127,8.917105856927485,4.795589333253963,9.743394385208664,114910.47994074199
128,8.841246577091695,4.787303482522152,9.668673972434513,165883.74953078272
129,8.761795298201468,4.805781787341677,9.597029644677654,48554.86773426078
130,8.67906115882079,4.794847412528348,9.529467957367723,304131.5317250809
131,8.593595492051147,4.798364478487872,9.463479972659826,438817.97246369615
132,8.506082009766528,4.794752656780833,9.394875109579871,306363.60722916387
133,8.417307822834776,4.794218251742765,9.32096627903606,99843.78839862638
134,8.328257059584262,4.786780077534953,9.243095921898789,86283.9764950944
135,8.240063009679929,4.790554327638825,9.166522676309938,40459.50398744724
136,8.15383096714708,4.791752239762641,9.097446157190358,81262.7037907029
137,8.070607433318363,4.783922401406604,9.03916323096543,114964.7750657819
138,7.991399863217565,4.812637042977521,8.990115234570517,8633.292353169416
139,7.917013695222067,4.792235205152045,8.945394230376188,86491.16959000948
140,7.847931460376046,4.786000353760629,8.900839530314583,215008.05994114562
141,7.784377660203041,4.795363809536422,8.85648276486036,97717.83585564057
142,7.726288510485743,4.795147021115508,8.816071096010603,75788.7700349438
143,7.673264173429891,4.7882647263643126,8.782764341098893,140277.13196378184
144,7.624741400854111,4.79268433394998,8.754893160841059,326470.38851408625
145,7.58009462101308,4.805130199188273,8.726030367232513,117528.20361507092
146,7.538652582615087,4.795787433135708,8.690049793845112,119383.2119961653
147,7.499890469531388,4.789420352920498,8.646690709534258,173768.78517451556
148,7.46349048955163,4.788370269974163,8.601447276000073,299752.14271090965
149,7.429302431643278,4.803649935917545,8.559205439408576,117334.8124289724
150,7.3973983556413945,4.785597434268184,8.518643466981356,40703.72932731331
151,7.3679103945878985,4.805155634970586,8.474568009287848,69985.16863808969
152,7.340916836547103,4.772094358488021,8.426229015548145,89018.25985759535
153,7.316387104011369,4.787578551142077,8.38052982029381,143709.41760689608
154,7.294027803335712,4.767695962901563,8.344251748307036,59972.02337581315
155,7.2733569075060664,4.7982658094380355,8.315371101694984,150637.75022230312
156,7.2537178921738175,4.774444658584279,8.286670341950945,159273.74120704836
157,7.234414984778607,4.731885201484085,8.25726555603226,36502.53185114308
158,7.214858887570568,4.735317408514014,8.23379475426453,96168.17284508428
159,7.194653819539972,4.694244812785181,8.218542598512727,560227.228360515
160,7.173712700289107,4.700174330811286,8.204369566475318,137880.6023138912
161,7.15218331635732,4.612043564756853,8.185872426073388,16059.03363382192
162,7.130412043103344,4.553741834799687,8.16778682116032,61278.7920364849
163,7.108765016907258,4.5782339078036065,8.15540508769147,1034.9081375250828
164,7.087539692563086,4.494106122597097,8.144305616439604,952.7089797906742
165,7.06682730956719,4.716790291472632,8.128288771952803,1341.690992765385
166,7.046527481829608,4.891874688622224,8.110574568824461,55.979907365328835
167,7.026389407171802,4.911929225249806,8.096739187444573,83.04047056502823
168,7.00616529782551,4.893494509757689,8.083117690577508,319.96055426962533
169,6.985703322173121,4.901554788037206,8.06358175780214,1641.7550945069222
170,6.965026883879276,4.901122405048176,8.04126243589023,1222.487861314667
171,6.944292392012327,4.895414470186817,8.021351089372155,3472.5195055414415
172,6.92372772473726,4.888759249438263,7.999987441455852,6179.595469535219
173,6.903511010960191,4.889499887000939,7.972915555080741,3090.128463054826
174,6.883723376723361,4.890136137634342,7.9454475672344955,2281.4548471317426
175,6.864325417430399,4.894525634174701,7.921638115445239,1595.746922396067
176,6.845212506744792,4.892732669317442,7.896803933600786,1617.4755856679642
177,6.826259699229068,4.885765036698055,7.870592458882459,4456.687295103869
178,6.807381992154022,4.881991895782138,7.849925555783752,7005.54984535627
179,6.788567407651663,4.87645138336336,7.834275004590458,11659.551246715027
180,6.769874308797639,4.87225939726123,7.818574648554857,17202.62092480785
181,6.751406968671053,4.874415167042018,7.806257742429999,9756.436665748659
182,6.733262427276218,4.8751756665098,7.799502135623389,7543.953696157151
183,6.7154946303767264,4.868483556925909,7.791690741194916,9917.360306341667
184,6.6980902495143635,4.8516966169334665,7.781779403454296,22000.744481926395
185,6.680988723703944,4.874552427754131,7.773336880167573,9152.41468262362
186,6.664134387198673,4.8683818868896696,7.76175465121711,21543.279052300575
187,6.647516561301727,4.847485988037298,7.7448300935169545,41412.192290582396
188,6.631189227455889,4.851313698980198,7.728001991299166,61256.774294738214
189,6.615249788204787,4.85093596786237,7.709904353511862,24307.586165280398
190,6.599790915790321,4.850706124909667,7.688883307375119,13967.080306735625
191,6.584865277974934,4.845387312848789,7.671033271538683,27511.76948625764
192,6.570476701597702,4.827284040919334,7.655531643694209,62062.635921714806
193,6.556600277983254,4.853512687487489,7.640157623644681,8261.826870144523
194,6.5432163012355,4.835425809799724,7.629710744368525,18691.0170525936
195,6.530331334213469,4.852118761207956,7.621384275465726,17178.173573349806
196,6.517976338665508,4.8354537106981335,7.612795336353093,17263.541632502456
197,6.506189244816723,4.831934356276202,7.607493004968266,122547.88757082706
198,6.494993500034982,4.828784225466993,7.601041732459333,202432.83313911816
199,6.484382094638344,4.843030195618896,7.593421551371858,33792.7365379093
200,6.474316764369956,4.865159541878014,7.587161253397391,31583.919261616506
201,6.464740910574081,4.8508228091493555,7.577968448008676,102897.94687051547
202,6.455597045998099,4.840916083982346,7.5693897191840165,56367.223061072524
203,6.446839651540806,4.845753277768004,7.561039846932571,87394.95363931422
204,6.43843462018693,4.828469367997009,7.551172762001457,192295.65625715454
205,6.430347338509117,4.795111414275902,7.543949704052445,59702.59151994976
206,6.422530627367339,4.801760841826104,7.535361389065625,46895.800284003606
207,6.41492354814289,4.774524234688342,7.5285049487719675,20490.54718503274
208,6.407463520521715,4.75127719423004,7.522151512895081,57092.10101177937
209,6.400101468270189,4.741217830836427,7.515333224469149,8966.80925637883
210,6.392808017950497,4.745574056062852,7.510611255053516,4743.358066427578
211,6.385566860108646,4.687901203178987,7.503877958282311,29942.860940345698
212,6.378362402138671,4.700007120651038,7.499842687671618,13703.83266249948
213,6.3711726154260475,4.728697079004641,7.492844581596897,2108.346583001308
214,6.36397247729716,4.683632353489403,7.48868492309976,17436.84284953031
215,6.3567423293423975,4.697046479149087,7.480352730590466,40674.23677532023
216,6.349474252908262,4.722736698100228,7.475875855865024,7208.476024408385
217,6.342169043951695,4.647775811874695,7.464712389708959,48306.909328127294
218,6.334831286888865,4.735600718094844,7.461661518850509,15310.090185035591
219,6.327462083128199,4.732054619746574,7.445049504338437,13917.049961137258
220,6.320066478354276,4.772293594431617,7.449948059202726,63122.256598416825
221,6.312661098300085,4.752873980196661,7.418640978874095,37112.33340107053
222,6.30533377974365,4.774341914184292,7.4526129267357195,70142.54970399474
223,6.298390509805472,4.75972744686119,7.368172819551566,71568.65563781079
224,6.293101899564013,4.748364943758633,7.51202979769404,73376.74778953168
225,6.29479002261491,4.744119060308108,7.212825873887731,54978.56426576769
226,6.326644436034261,4.727945484340891,7.832847960060095,51822.9449048912
227,6.492751814063019,4.734981683247389,6.658738743924595,15596.203756473118
228,7.137678597402031,4.694456199491131,9.531025747011714,19323.115676454247
229,8.98710365264807,4.684407023890343,5.854251034939008,29366.789347669765
230,9.77677309151521,4.628607930518435,12.620023036640744,67621.89370322735
231,7.453691694779597,4.606071207959232,6.20034602479127,9557.510301855822
232,6.608639325963804,4.64572047523341,6.706047323144834,5243.780242443587
233,8.200988259586518,4.592204589581194,10.963151993783192,2424.9949829505504
234,6.420075932491233,4.603145793997912,6.8934086390365845,423.3079903823025
235,7.265650450373417,4.596731730131801,6.160962558417185,1524.9057282603756
236,6.689097385784939,4.585821607826189,8.845495457862075,2347.1813268530004
237,6.733043939966398,4.526758666330778,8.903263911323336,84123.02510707596
238,6.735280092157135,4.511324790125222,6.245864687282644,98737.33539349095
239,6.544775633041024,4.578181943256542,6.411166787962852,7976.17155935414
240,6.640217566341782,4.560191767197411,8.679925024544902,12962.387918665978
241,6.487240433110034,4.509398171345479,8.340724967847875,78879.65763447822
242,6.503949050199898,4.539254693851031,6.433102523882957,42691.02802418305
243,6.488378173225233,4.55270024961392,6.462239075076591,18157.459932327507
244,6.365090052978187,4.485437050791548,8.059892102097592,127986.68890531884
245,6.5003954566574835,4.589682471133069,8.443018279897649,6353.970469454767
246,6.26807842178534,4.529716101051884,7.005402253599948,29314.21270907252
247,6.487130041177901,4.510588170394435,6.521325875993581,95380.9227862691
248,6.226233033644432,4.493882280890609,7.393709733403783,124805.74031274952
249,6.431078867434542,4.529227726535921,8.340263868994905,163545.08858728112
250,6.237544340571889,4.547741818360574,7.65089629539987,361259.9335234849
251,6.339353105658548,4.4833504792712455,6.733952788649425,687551.9068548459
252,6.273707879616713,4.4337631804930835,6.872498724194124,1688898.6995559023
253,6.250852645935195,4.470207841114665,7.772086843115492,1079759.1076127328
254,6.297079233088571,4.575069396767461,7.961429909380225,815804.738002827
255,6.198733522824168,4.506154426528993,7.136046435313121,3004667.583949121
256,6.287420608060563,4.4388238525483885,6.714904711416748,2736803.6363740205
257,6.1855172939586165,4.526482547379432,7.180718632640605,128471.10761727189
258,6.2479381567927375,4.49893430620156,7.824144120136991,522631.03446580376
259,6.194365277000461,4.400770640252789,7.577639448114484,2321344.625205021
260,6.199966457719253,4.383270253087748,6.951514422635602,7073034.292535797
261,6.2035271936977345,4.413090621225257,6.914783008151395,2071546.4737633867
262,6.163749233406044,4.232685005173369,7.452625022464664,978073.0650096879
263,6.198514157451265,4.387463853555589,7.725838678367321,403146.9882639013
264,6.146939653527726,4.345201221725942,7.30166600167794,1733371.353479129
265,6.1785694006286525,4.357472561053607,6.930752608775688,4011736.513001567
266,6.142900231123248,4.3414523439773305,7.125142051515529,2810909.976822011
267,6.151816700766198,4.33471456511246,7.553062268933903,5824527.254703852
268,6.141409542203776,4.301830393258061,7.50456454304709,5354782.513871685
269,6.127976542686687,4.397337495768154,7.0855092828669965,3623951.8207553346
270,6.135980401546097,4.406969962094737,6.968441079398719,1660088.9287646653
271,6.11140469034003,4.461524362046322,7.277375671091249,683593.6008520616
272,6.124871032850084,4.469745472581936,7.490891748585835,6095564.130125199
273,6.101140504650347,4.469499901672585,7.244953782831834,5555927.759402378
274,6.109859362471925,4.6371760025845985,6.976138481937797,4721038.168960644
275,6.093764104824408,4.593850511772847,7.091076628871557,9964381.4615262
276,6.093850708620588,4.528491670616379,7.3755643025744195,4815107.858450575
277,6.086455297896945,4.575368125058942,7.346673432225587,10844382.76127125
278,6.079269823694695,4.668033815339808,7.080095502542862,7331135.014783819
279,6.078072426771177,4.715355831532116,7.0310628629567535,5779906.562150907
280,6.066719723967745,4.734577381173432,7.252833480146448,4595736.813105863
281,6.06815368873365,4.706888707963562,7.356259581366921,3126141.9896909753
282,6.05585023833601,4.616274492010476,7.166095898904114,9686066.654434042
283,6.057196692086391,4.676053016824771,7.023967609053919,7642036.725511496
284,6.045992742180607,4.691875753704136,7.148174151321104,12180393.91007015
285,6.045891868199548,4.60227930350946,7.300008316874694,29335542.67643853
286,6.03667321803115,4.616463900272045,7.201490016140291,11744500.520234568
287,6.034851926416103,4.628575284662543,7.037534601999731,6685010.012468189
288,6.027549881150018,4.5813246057893835,7.08525706269882,7638333.705133825
289,6.024166835707977,4.684411420083521,7.236594359805793,4202173.026840723
290,6.018319647802436,4.644334160878718,7.207238904109924,5097577.904545926
291,6.0139030444633494,4.6556975799302425,7.059810776372219,5268996.38464611
292,6.009050501238669,4.651903913723368,7.062150435322193,6195232.798138934
293,6.004029258176856,4.652676517860397,7.1927007483467,6930299.691039143
294,5.9997691903671875,4.5895264156868905,7.200352477466653,18826483.807143886
295,5.99452254127187,4.589236198205773,7.077191829380071,10851411.511995647
296,5.99054806936935,4.59659824489755,7.055605817602057,14494175.86070824
297,5.985236797114396,4.567507637725384,7.1588881757007545,20997791.748577327
298,5.981348400894948,4.549373723077704,7.175793411028291,32056838.062867742
299,5.976145511728024,4.50929234023417,7.071362220881195,38211040.063105226
300,5.972263193544198,4.462010972990963,7.043384169309752,61580753.35074527
301,5.967216848711909,4.399987146552464,7.1272985946038085,21992081.432355482
302,5.963268516124556,4.441399406761584,7.1427682894140565,17359892.881299578
303,5.9584140490662305,4.342697824667202,7.056065200289928,46992886.75173417
304,5.954364059023205,4.332273910365418,7.036995286157161,16370313.779526014
305,5.949683011439117,4.246781993755924,7.109284103454684,15667652.590872593
306,5.945517334905741,4.169028942000642,7.115448797812338,18464029.57310568
307,5.941031919731882,3.990624038960126,7.042095582049498,6753203.798323204
308,5.936758692378813,3.885204617732986,7.036602940947217,3200191.0295509514
309,5.932435087675448,4.387687562053452,7.0970409717739225,22342.859182985772
310,5.928051311914025,4.5850072121366745,7.087058270655403,15231.493139059165
311,5.92387308889782,4.440029464465364,7.024995366736583,109178.23465851373
312,5.919400206391906,4.629412170371436,7.034497337040346,6485.854169920685
313,5.915321193938661,4.610185283304173,7.080072214776435,65872.7332664339
314,5.910799256234509,4.582872596883116,7.05264733333495,185764.6765605183
315,5.9067792910772035,4.602127178208378,7.006527500245383,441702.1250384165
316,5.902250941362743,4.604126297605534,7.031565207094305,785125.9510146488
317,5.8982139826382785,4.626344492075081,7.0587776753504,370786.83007964276
318,5.893734880016966,4.716521375039368,7.020303546512539,116107.30579533342
319,5.889629864568267,4.6803949318394835,6.99783938539416,198936.9134683279
320,5.885239779861067,4.639128362836283,7.031412047603061,1455368.3353677187
321,5.881025301789345,4.7322680989872445,7.034004586119284,560563.0464691232
322,5.876743230202746,4.737818643117764,6.994065015507056,993942.2547777982
323,5.87241941759182,4.733618804124237,6.995971295402199,1384318.4601205122
324,5.868206082849559,4.7325992530849055,7.022115758948953,1655055.720557158
325,5.863816189292037,4.744207015255035,7.000465707571749,1353552.33063119
326,5.859615101513901,4.759505031066891,6.974413584724024,927651.3567298612
327,5.855221983061462,4.7591994581279575,6.993945110492836,915817.768775675
328,5.850959249019532,4.74491373832895,6.998992007643739,1377228.7279183292
329,5.846613084507409,4.699619956328849,6.9684811818229955,3368295.5572991143
330,5.842260631262499,4.756318824779277,6.967623396935537,41596.68556108847
331,5.837949718709675,4.727416660032098,6.986009998131447,154137.47231812042
332,5.833537399094097,4.755663805415155,6.968018646197143,38053.45208261069
333,5.829213331323642,4.750026618063487,6.950713220804776,67494.46489507328
334,5.824794267011654,4.689789750085499,6.966364430441255,480754.83519143227
335,5.8204011060666065,4.766626662997339,6.963407246675866,196767.19329336332
336,5.816002260862051,4.726730947879646,6.940043477085407,838736.1108791928
337,5.81154212629111,4.709677172099078,6.945155996936485,2471266.7159377914
338,5.807125527357261,4.737869961422987,6.951911631684147,2076814.591677587
339,5.802644758130413,4.740409565399698,6.931372944379612,2200836.250906294
340,5.798167015611437,4.728133209090858,6.926769235078675,1342674.2091071957
341,5.793682682027569,4.7255859994320755,6.937185638507551,1040986.2446493714
342,5.7891480124667964,4.658898893984105,6.923139129450742,3472510.8641356146
343,5.784631388909995,4.5881285324508205,6.912357884966368,12005129.828550125
344,5.780076318724612,4.586081732336346,6.921783895281732,18338634.49511296
345,5.7754994701229645,4.531813805089406,6.913335002888328,28691692.23151238
346,5.770927102837934,4.544670134567724,6.899461408995782,7933502.271665235
347,5.76631230749313,4.577329211995895,6.9059445722005375,2933161.4843458007
348,5.7616902973793085,4.502874262465275,6.901106728065139,7002303.885087629
349,5.757059303808662,4.37805144673249,6.886545112204306,42076198.40414957
350,5.752393228319192,4.3688616219205825,6.8904253656309145,50564603.18830611
351,5.747723196694341,4.328289304817276,6.887602494894226,32911739.005013857
352,5.743038498575154,4.399147200700802,6.873791711822746,9070063.74323531
353,5.7383265255101445,4.433588826618574,6.8761435940451445,7297650.144597751
354,5.733610650409394,4.375850858256065,6.87399779305138,25547860.40428486
355,5.728881134472612,4.1250349181631005,6.861266664902768,67354288.90824221
356,5.724130703396918,4.355296038318151,6.862753882771965,3228879.5967563204
357,5.71937667878225,4.408194840338177,6.859955480475131,2374120.4525673417
358,5.7146134203104655,4.233887433248272,6.848179900952901,28769008.285534
359,5.709834834273773,4.3699323374730605,6.849355130476219,593980.8532822545
360,5.705053993716462,4.205926948524537,6.845270511109199,18101804.42818082
361,5.700270069732145,4.080947387186859,6.834937248670817,21016970.018293932
362,5.695477015302778,4.2441794139006,6.8363685269519925,5821656.4730218
363,5.690683759554232,4.1414340479934495,6.8307297954864765,7542288.50807517
364,5.685893969176302,4.1413894438921215,6.822385197936873,8469741.316215264
365,5.681103081516415,4.02770859776829,6.8237152277620545,1363117.7087930022
366,5.676315270979549,3.7617312070235194,6.816211823951615,2322478.858539752
367,5.67153643953627,3.6877470928644343,6.810278555505441,2539215.8740932555
368,5.6667657760471375,4.032382059602326,6.810478767692512,2298139.5874348073
369,5.6620035867237135,4.2361366621683665,6.801606088625322,3066001.372000819
370,5.6572543589269095,4.2506836582570555,6.798482055279055,892947.3653869089
371,5.6525215677234595,4.254202043523977,6.796393093565241,3460989.5748068215
372,5.647805183494037,3.8809179058482792,6.787785089573488,13514389.702272272
373,5.643106252540349,4.418278695492945,6.786973195827526,427841.1643615981
374,5.638429152676822,4.085123477693719,6.781802888031854,3841576.9048351166
375,5.633776330375811,4.350985159238789,6.775505754820951,826967.5350499637
376,5.629148128928999,4.150010303405355,6.7747912389072695,413726.6478499174
377,5.6245463024070474,3.609218136180653,6.767228354381582,621602.4856198484
378,5.619973410197993,3.3678154648505414,6.764295030319705,2742517.343693206
379,5.615431936102901,3.7737158585727344,6.760930470317213,729397.4608174769
380,5.610923006030763,3.6052966858697597,6.754017071137572,288472.7295458511
381,5.606447273803957,3.5142040683171865,6.752915100220751,203430.50487642418
382,5.602006625516154,4.064201050248429,6.746413493135134,37718.143637542256
383,5.597602752981002,4.259097246692662,6.74301191374607,4113.563563426453
384,5.593237047406098,3.682781618292898,6.739838094769931,791193.7853518442
385,5.588910293645755,4.154746650452405,6.733527780369208,3003.4399960406886
386,5.58462291766633,3.8872725305984472,6.732054324437078,309.96901537642043
387,5.580375882589515,3.2385143163579424,6.725648730868478,132632.0755897933
388,5.576169868647202,3.269657998947131,6.722937072380575,7374410.944218526
389,5.572005578660118,3.2642605516558634,6.718674305127957,13008974.951725403
390,5.56788326821218,3.397654532678782,6.7137324367863105,4468592.301779415
391,5.563802893302842,3.3087865419358122,6.711483260776207,4803334.529759899
392,5.559764431864744,3.40885089942863,6.705340413331388,4811435.315713616
393,5.555767590038756,3.227321557464361,6.703615219720982,13708669.946823135
394,5.551812225314942,3.2386315137475705,6.697737397822574,10875275.18476564
395,5.5478978747118335,3.1944436604380715,6.695254776843285,16751799.823238604
396,5.544024086707339,3.2017721850038035,6.690478547495639,66738505.27159754
397,5.540190164771904,3.414606937305374,6.686811258636988,25573879.162257873
398,5.53639533485447,3.3865435881106984,6.6832611962047865,38952496.32056248
399,5.532638730455711,3.576409239060359,6.6785655627654625,48660379.85236809
400,5.5289193823277145,3.4670447439973002,6.676013145981669,80604539.25776355
401,5.525236337629214,3.3983971258277377,6.670522872728672,9000814.662236774
402,5.521588532420461,3.320567189115638,6.668777791256013,126257493.40396754
403,5.517974982060849,3.37768483277304,6.662499315334918,197679491.70762774
404,5.514394611569637,3.324967665557535,6.661701895096492,177582142.50291073
405,5.510846496952954,3.313310889066682,6.6542358070865415,25251176.89173615
406,5.507329697351551,3.2400419697784892,6.655107122608323,8138513.22875769
407,5.5038435943865816,3.21205126043888,6.645318195997195,164557707.28402674
408,5.500387855677926,2.75532307061951,6.649657725096199,136556431.5191768
409,5.496963209195423,3.2236933997459025,6.63479707683612,13829323.789795006
410,5.49357232653894,3.3014743834793907,6.646872841407478,92547196.55264103
411,5.49022315130339,3.083330177732665,6.620229010388606,7198634.870946191
412,5.486936197095797,2.9104519695881574,6.650712218775399,43059957.41897858
413,5.483765693826683,2.9302892556456617,6.595090535187179,618340.9278843235
414,5.480854901744955,2.362506836184544,6.67235296012273,501626.17162850365
415,5.47859908788283,2.412557782544763,6.54109197266714,10725651.301214013
416,5.478094895972423,2.4970070344031106,6.74527841650012,12247292.21004459
417,5.4825698366280005,2.8718547847158207,6.405371830738179,9527883.587273836
418,5.5012747315227175,2.6812842240561894,6.977906274537291,23149968.00816119
419,5.5631189420031415,2.5718196744206705,6.042991796715299,54685388.01584827
420,5.746052521792205,2.8144357849799704,7.752553777515798,6558090.887904668
421,6.283299264149256,2.7835333847158434,5.218297930175369,39075651.69701962
422,7.422744806781137,2.5999146466502454,10.149287620126362,52974075.09676831
423,9.182286236656468,2.695180107263807,4.570575446567362,14848576.731807444
424,7.862415049069188,2.262146080247251,10.637629907149352,34144835.68422051
425,5.569632140135107,1.7645088831479083,6.175135719393271,52226604.53437463
426,6.506634530509698,1.6363819492544596,5.200454089251471,44255221.51765119
427,6.277175563027836,0.8468813170849259,8.71507275840459,72518522.81161986
428,5.6214887707559935,0.16363310426750838,7.411425826426893,820400.0566770972
429,6.269612118480964,0.1460724195945916,5.158493086445102,1529754.8324759442
430,5.500120597977707,0.18696266804301176,6.293159305296394,133255.14907965244
431,6.109267215057842,0.4471919060127573,8.391186492247519,467576.1040453298
432,5.479044131208692,0.4141430474234202,6.62543601673884,10471.873665238341
433,5.936973646579791,0.423031921079957,5.346062872650601,5857.1561065573815
434,5.4811814458110195,0.6088677985567444,6.302555439906551,145.90755844332242
435,5.803031712782711,0.613538675550036,7.850823679476969,116.89991395447878
436,5.504623547638292,0.8169514585955486,6.986573161716861,3192.0417503229596
437,5.675784617243281,1.1454540283078505,5.742689971550226,163.28351800429544
438,5.560116910355463,0.6728608443165375,5.996351925879887,3380.15746643261
439,5.5567334526672685,0.84041400816997,7.2340085002592485,192.1950341585092
440,5.60219851800554,0.8522379649780176,7.3907266348032365,11503.170653522555
441,5.475435557874617,0.6770398985770423,6.303473565125886,147.63749929529843
442,5.6038910107464455,0.5899581891866085,5.854295941821072,101.48047213140323
443,5.449938247481455,0.5003301776760247,6.492356966445992,103.87623355215794
444,5.558213419465577,0.4166392552395346,7.266862034640589,73.89119917858623
445,5.472110453251375,0.7502217056481464,6.905063148922961,692.7824573559589
446,5.491425865863079,0.5560146578746796,6.13419501803008,612.2599239398036
447,5.502618159754284,0.43334119796310566,6.078081437015786,8622.665425824693
448,5.443606682092389,0.3818267089371307,6.72107647064909,1079.9929977691017
449,5.50440440576031,0.4630487944213417,7.118310134904138,5893.655402885331
450,5.435574002696573,0.4922737215876083,6.681030629217057,2572.48774170404
451,5.474896077076771,0.4788960000776177,6.180840403231648,8299.031058006634
452,5.450704415601686,0.4675341290637599,6.282037809455348,44006.935684589334
453,5.438765666570187,0.40829089212742364,6.798301459261769,56565.82340302764
454,5.458454496812691,0.3929653090748749,6.962800318660685,44203.776152086684
455,5.420174502240253,0.3828795625813124,6.558130296960403,47253.98482768207
456,5.446446523886448,0.3101808006930252,6.228532897216802,9906.873030927238
457,5.420536518205652,0.22372619789623704,6.388380859135333,23444.933717764834
458,5.4248241822553585,0.26588134108992234,6.775559440173852,229566.47708854996
459,5.425059221078015,0.1831051169514465,6.804542225080835,12481.252624361538
460,5.408740840887997,0.18776053333430126,6.463684610772649,11407.360077228985
461,5.42128595358681,0.1411505146575913,6.270501245152927,35685.81629725899
462,5.402988999209888,0.17648491871482036,6.4621895940112495,22733.51309721269
463,5.409293978152636,0.16303676728098082,6.736314356617082,2693.987472355855
464,5.402316654895184,0.11195200503859432,6.686320122124054,120265.8254344473
465,5.396997346684948,0.10014292407391048,6.419411681735007,6482.445145479112
466,5.399724636562147,0.10176631072420053,6.33078751302375,37350.43776180985
467,5.389572968045432,0.09161656616039315,6.519301364300212,56396.75676322013
468,5.392995196862901,0.0680364936941894,6.68876078498044,16685.370369396314
469,5.3862178834390555,0.10369799124355229,6.593777707742022,9347.924784381126
470,5.384712940339083,0.08283374974781832,6.394683613233759,2486.4759937172416
471,5.3832979807864145,0.07780823115740615,6.378292059803715,5399.809259855156
472,5.377868912601019,0.07587176099154799,6.5412380111053405,17066.416578293538
473,5.378602059609062,0.07281680675245938,6.627446605160141,11663.68641429811
474,5.373295928969052,0.06675405833038674,6.515964424805285,223242.78019321468
475,5.372384711382827,0.08731087896599382,6.385002699353715,4370.669923336836
476,5.369720060721956,0.04883298338370465,6.421585533272408,16902.491040374007
477,5.366311427943565,0.08529426876486094,6.550142749957145,3164.3284186475803
478,5.365756780387332,0.06185868110935351,6.574549297052127,6347.4818169562
479,5.3615008580492765,0.039803156701797196,6.46774951137638,8349.847630055281
480,5.361027586219075,0.04160858829157968,6.400118124649155,13246.622837010236
481,5.357687471296952,0.042087983751656774,6.462436080022291,20643.32575447344
482,5.355980223949478,0.04209730792253849,6.546912733832059,32489.775469146673
483,5.354138086434654,0.04181805866238217,6.525247957449977,38904.34264730285
484,5.351158425300459,0.04312823925111908,6.436883681172354,40962.82821469311
485,5.350348982916447,0.03516790765084722,6.417538772085489,51956.07435356447
486,5.346946178916536,0.02853579894548834,6.482044750623748,24673.637582132706
487,5.346239363002665,0.02379185863157709,6.523618079111809,11888.622060020323
488,5.343298510624429,0.023472766128661948,6.477510698733823,6183.560378388906
489,5.342025433522172,0.023973721392751134,6.419789410030677,5728.052744625962
490,5.339876118858429,0.02438924351668434,6.434213129126501,7832.070652571833
491,5.337943162893701,0.024709928127915025,6.488932565341094,10798.792548736115
492,5.336461105594455,0.024810382510814702,6.494792213384918,14031.517510242775
493,5.3341137511423655,0.023834296757918504,6.44457016667534,17090.568176816312
494,5.332960934942125,0.02052294532215906,6.41833450628714,19074.800732926327
495,5.330572804628015,0.015906065621739233,6.450272082490461,18528.176128368013
496,5.32940918973203,0.014416267238193885,6.483787703121267,16722.827988572095
497,5.327236093448004,0.015676401797063283,6.462346247389155,16598.70578061297
498,5.3258973959044145,0.01726378862781388,6.420882888188572,17222.84340992087
499,5.324021487140058,0.018351795597427237,6.421647706756014,16733.891123445017
500,5.3224878473069746,0.01877222496002434,6.45677410029401,14725.538861757279
501,5.3208649470688645,0.018510183750890724,6.463508787766983,11832.975240171316
502,5.319204708589879,0.017707131262328472,6.429410013505621,8763.782668187616
503,5.317726206693174,0.016610125266269482,6.408869632434266,5950.13674597362
504,5.316038090109802,0.015445065283769549,6.431317932392302,3666.1289476604347
505,5.314615646897096,0.014405759743870365,6.454305310073337,2096.1197902083877
506,5.312975803674572,0.013683464877912443,6.4370466357873415,1276.2739742033082
507,5.311553403938146,0.013437267894562689,6.408170210517481,1083.006964456651
508,5.309999698116207,0.013682293956926734,6.413991017944147,1327.6610332656198
509,5.308553855366003,0.014185881331580389,6.439878418598617,1800.9014201030286
510,5.307084967809873,0.014558632493199856,6.437898773516242,2211.24143817732
511,5.305618325006408,0.014524180151021726,6.410158815362743,2286.3941031339677
512,5.3042196428759745,0.014087429115884792,6.402608911196036,2004.140348774405
513,5.302750238271532,0.013471601826247749,6.423609733887446,1560.744863022058
514,5.301402250285109,0.012928808972306846,6.431796548590498,1138.4877284879017
515,5.299948863110236,0.012589192044273471,6.410651946363883,806.988272480161
516,5.298633848912617,0.012445250815365825,6.3960797878920275,575.0954426447773
517,5.297209407717791,0.012421876428641022,6.410021661091113,435.8725041744043
518,5.295914638013281,0.012439642450791013,6.423077690767605,372.8828306434809
519,5.2945260661424705,0.01244191807255923,6.409578131069274,361.35898755630296
520,5.293245284172831,0.012399300147636997,6.392863379599779,375.57902758475336
521,5.291894552823634,0.012306592423448611,6.399939450492765,397.3186711101139
522,5.290625622393526,0.012178524575927309,6.413357538562213,420.1567050338808
523,5.289311676583722,0.012043802603423876,6.405753139492747,448.81346155764516
524,5.288055941095729,0.01193447334409262,6.389664542446619,494.7360461990818
525,5.286776751796432,0.01186997444803857,6.391437967391486,569.5799312692549
526,5.285536460562069,0.011842537806504166,6.4029322657025,677.0910711160664
527,5.284288956659389,0.011816379350947358,6.399414185367522,805.1898741022997
528,5.28306580016343,0.011746832793712827,6.385707103007688,925.8823320421657
529,5.281846644741725,0.01160869906931488,6.38440939409978,1007.5901336654821
530,5.2806418892385985,0.011413128412855453,6.3934423013674015,1033.2221197956494
531,5.279448877273974,0.011200966706255255,6.392513408898005,1007.5238738796064
532,5.278264061957517,0.011018348755192952,6.381679401904318,950.2538970573335
533,5.277095824940647,0.010891899452585792,6.378773399837185,883.3760891228424
534,5.27593175232955,0.010818851163912901,6.385195114020078,823.8727848226555
535,5.274786968847246,0.01077605439922682,6.385444167565769,783.0017591356891
536,5.273643860360624,0.010739988203206744,6.377057260477979,768.1685025527559
537,5.272521391194987,0.010703575017596879,6.373332380876297,783.9001513290586
538,5.271399297838737,0.010677806923814292,6.377453818718503,830.355648086077
539,5.270298366801321,0.010677401278248597,6.378185905903495,900.7402365306012
540,5.269197420248548,0.01070291798627832,6.37186314262442,978.7567042913013
541,5.268117355580704,0.010735103418104741,6.367980185425726,1040.2607503248269
542,5.267037533745498,0.010746527699863815,6.370504323626023,1062.5167331077005
543,5.265977711377598,0.010720332836082227,6.371502380791456,1035.9063577551879
544,5.264919023719041,0.010660468029908297,6.366756806261265,969.3373532442305
545,5.263878887669468,0.01058632614567167,6.362932873752603,884.3885699229367
546,5.26284112718983,0.010517753837348185,6.3643328248331175,804.4273202076404
547,5.261820099720703,0.010462868101225969,6.36531224049,746.6034122488275
548,5.260802981727786,0.010417094927553574,6.361457233747762,720.4626514596946
549,5.259800708535056,0.01037206032966735,6.357663418804463,729.8131877695074
550,5.258803875387424,0.010325368621561117,6.35835619737321,774.6032236865184
551,5.257820138189621,0.010282580760350057,6.359195228207298,850.4751224992442
552,5.256843117224346,0.0102503714495021,6.3558022079338485,947.6679080998773
553,5.255877757206983,0.010228258745812504,6.352217038447493,1051.0328100878749
554,5.254919916753637,0.010207150181632253,6.352702564663601,1143.7614355253265
555,5.253972766929423,0.010175755249937761,6.353373486833211,1212.9447067279518
556,5.253033526805819,0.010128682195634094,6.350177829703967,1253.9954007251224
557,5.252104473715427,0.010069618958798373,6.346973761319028,1271.2931244484541
558,5.25118332632675,0.010007991860963076,6.347479327729991,1275.414751046692
559,5.25027214668977,0.009952583897576155,6.34776606326213,1278.9845824068152
560,5.249368685453852,0.009907248120975787,6.344545228339603,1292.9445336281526
561,5.2484750559224835,0.009871477578034325,6.341831737146991,1323.528273296878
562,5.2475889437301175,0.009843893844751681,6.342374175386429,1370.7703002529977
563,5.2467124454564065,0.009824052793474954,6.342105454271278,1428.5414010934817
564,5.2458434217242775,0.009810638073783379,6.338912127038336,1487.201983790132
565,5.244983625400177,0.009799115837401987,6.336862066244491,1537.586396655803
566,5.244131411449763,0.0097826325524488,6.337390988157746,1574.1484597339597
567,5.243287923075458,0.00975592501864196,6.336549990077379,1596.3657494309552
568,5.242452220196929,0.009718731664647404,6.3335893120201225,1607.6770022175926
569,5.241624723980612,0.009675736338904619,6.332216138348468,1614.0996697702428
570,5.240805154252374,0.009633214372749617,6.332522645059705,1622.3168243542575
571,5.239993375646659,0.00959533573966781,6.331152100513424,1638.1438258206817
572,5.239189535519525,0.009563232367970048,6.328571767211132,1664.6584873772654
573,5.238393221282618,0.009536692528315792,6.327681399634299,1701.2319335801128
574,5.2376047176340315,0.00951519186695143,6.32757501295483,1744.1009067656557
575,5.236823599881342,0.009496610806862002,6.325870753670178,1788.6281737690847
576,5.236050096034223,0.009476366084461773,6.323776293992108,1831.6714783872321
577,5.235283864932798,0.009449704199721746,6.323148059466993,1872.635659438255
578,5.234525052343134,0.009415442668998786,6.322627842471899,1912.6061734340237
579,5.233773376335103,0.009377110665765211,6.320856966731091,1953.3465458312328
580,5.233028971374197,0.009340189922731255,6.319220581481389,1996.2693691978302
581,5.232291529618907,0.009308484779672712,6.31864466767701,2042.0639213489687
582,5.231561232765781,0.009283207984083804,6.317800780220059,2089.9680459505
583,5.23083773623048,0.009263932564000996,6.316101696960177,2138.0203923373815
584,5.2301212357753855,0.009248313441239435,6.314766756285385,2184.2726416260075
585,5.229411411732714,0.009231747780289498,6.314126997234084,2228.2424990768627
586,5.228708391782419,0.009210109819941043,6.313082142199383,2270.621828019546
587,5.228011969282685,0.009183501698288413,6.311492175076659,2311.9573830974227
588,5.227322135834481,0.00915615190582699,6.310359170342665,2351.8413468710446
589,5.226638822165578,0.009132493330673393,6.3096739604864664,2389.066166249818
590,5.225961905814459,0.00911438220664465,6.308515934774776,2422.3278202434626
591,5.225291404232826,0.009101296983389415,6.307038200525928,2450.845235234028
592,5.224627148230901,0.009090526320888059,6.30608740206473,2475.3042339391136
593,5.223969166077714,0.009077666913089076,6.305353592937908,2497.5913465573667
594,5.223317309138226,0.009059943966402015,6.304078126521155,2519.5496873292514
595,5.222671572743852,0.009039062019561148,6.302734928827338,2541.0678023594005
596,5.222031842896702,0.009019224762484549,6.301947229162753,2560.450055942953
597,5.2213980894868435,0.009003217830070659,6.301086026321167,2575.742614021257
598,5.220770218961915,0.008991209279308266,6.299722848705378,2586.551609120189
599,5.220148188731938,0.008980977230759163,6.29859910930678,2594.5842271720203
600,5.219531916663915,0.00896869062261943,6.297898161899681,2602.9625088522084
601,5.21892134848718,0.008952251791448396,6.2968476327679745,2613.5501277441817
602,5.21831642163274,0.008933738243974865,6.295533313872225,2625.4999246000907
603,5.21771705899846,0.00891692199654372,6.294657373834209,2635.9855588735177
604,5.2171232226780635,0.008903713695726003,6.293886310048393,2643.049915375513
605,5.216534819067409,0.00889328126674755,6.292683891855149,2647.366167760218
606,5.215951818388407,0.008882507590430123,6.29155796498309,2651.961909631955
607,5.215374132271793,0.008868598112218564,6.290808841564562,2659.3179507274444
608,5.214801717447846,0.008852447280610897,6.289857925736854,2668.9436396024457
609,5.2142345069214056,0.00883746413159178,6.288658798333363,2677.609895672154
610,5.213672437469591,0.008825717302702625,6.287749961618985,2682.747915158613
611,5.2131154586637365,0.008816394197693056,6.286961638673855,2685.039683978827
612,5.2125634995946255,0.008806474212011112,6.285886689452576,2687.696784384068
613,5.212016512649484,0.00879383994721032,6.284835144120911,2692.819721879745
614,5.21147443045793,0.008780048105357714,6.284037157342349,2698.922690631382
615,5.210937201328788,0.008768103559598624,6.283134628625402,2702.5830322564975
616,5.210404763674651,0.008758917835122004,6.282070294671151,2702.4403102687074
617,5.209877062945463,0.008750567334837861,6.281168920819765,2700.7886491508893
618,5.209354040729169,0.008740311576264804,6.2803544111598395,2700.9116226905703
619,5.2088356408922545,0.008728198722409014,6.279383257589732,2702.9055213722095
620,5.208321809345984,0.008716888321210998,6.278408419067898,2703.747269309625
621,5.207812486702331,0.008707909050081685,6.27757896895998,2701.3915578914434
622,5.207307622861148,0.008699951080003447,6.276715813234633,2697.59628453173
623,5.206807158326936,0.00869047640278494,6.2757540310018225,2695.856393262226
624,5.206311042378271,0.008679316339954338,6.274867677494792,2696.519472528265
625,5.2058192196210475,0.008668851379770748,6.274056538922554,2696.69726416754
626,5.205331636027652,0.008660371985260096,6.27316598975585,2694.5711424648434
627,5.204848240949576,0.008652428012053895,6.272246331604406,2692.237003883834
628,5.204368978699906,0.008642910076700903,6.271423699545246,2692.730198052681
629,5.20389379984231,0.008632404018363269,6.270604724775692,2695.4113148839947
630,5.203422651094812,0.008623130713953805,6.2697026782406,2697.1015948248323
631,5.2029554815835,0.008615386025805631,6.268844541163897,2697.217306433109
632,5.202492240807077,0.008607195971262863,6.268061645829155,2698.7648959935304
633,5.202032877731051,0.008597582695423052,6.26721385364828,2703.230966706553
634,5.201577343142885,0.008588272396769243,6.266337269744485,2707.9923220333408
635,5.201125586765371,0.008580547530337022,6.265552659099413,2710.8159301941787
636,5.2006775603766755,0.008573126810512826,6.264761969090935,2713.7001839797517
637,5.200233214730353,0.008564473971022505,6.263898831924974,2719.0757512849227
638,5.199792502120998,0.008555671426549935,6.2630941182911855,2725.2171722206035
639,5.199355374936937,0.008548250647642074,6.262338731908504,2729.3107061270853
640,5.198921785588912,0.008541340004618269,6.261512973306594,2732.7876323638147
641,5.1984916880924015,0.008533396355463133,6.2606938871332165,2738.3465776388052
642,5.19806503554914,0.00852529110657412,6.259948877724899,2744.4527567510186
643,5.197641782689182,0.008518424876090561,6.2591676083364,2748.4538353446796
644,5.19722188422931,0.008511891367360813,6.258353341579716,2751.9989599617556
645,5.196805295168838,0.008504420384694017,6.257604102992881,2757.417419751259
646,5.196391971693855,0.008497090604080033,6.256858931996521,2762.8267943183278
647,5.195981869695571,0.008490876972505336,6.256066834484426,2766.1680016661358
648,5.195574946160396,0.008484550873499676,6.255311077930157,2769.917176135128
649,5.195171158324701,0.008477487948361784,6.254586549735655,2775.425043458801
650,5.194770463882223,0.00847105820541095,6.253824633411055,2779.8714254453457
651,5.194372821283775,0.00846537021172765,6.253069345823516,2782.964886804777
652,5.19397818919015,0.008459084818794416,6.2523530048486275,2787.6409973149944
653,5.193586527049465,0.008452664468437027,6.251620842919438,2792.929839727109
654,5.19319779463972,0.008447156478460385,6.250876667134644,2796.44786048509
655,5.192811952349381,0.008441602519760515,6.25016331088457,2800.3758037300067
656,5.192428961111242,0.008435522949017223,6.249455089989775,2805.768168146786
657,5.192048782250524,0.008430103274574703,6.2487300619732755,2809.922164988589
658,5.19167137782963,0.00842505561219635,6.248020143927642,2813.3556481604787
659,5.191296710234592,0.008419446279023092,6.247328135047907,2818.4125719494186
660,5.190924742482161,0.00841419826323897,6.246625174391789,2822.748057477603
661,5.190555438169761,0.008409498574061505,6.24592238392767,2825.8852820028446
662,5.190188761267158,0.008404327596245187,6.24524078097251,2830.367170101028
663,5.1898246764461735,0.008399336429148158,6.244559142994627,2834.4622976318183
664,5.189463148824275,0.008394914221918615,6.243868378336876,2837.186897056498
665,5.189104144037595,0.008390092094880569,6.243194893776106,2841.0389814724927
666,5.188747628337074,0.008385400156165169,6.242531883049012,2844.6633438897006
667,5.1883935684264095,0.008381219699201782,6.241856876271643,2846.8818104366555
668,5.18804193159439,0.008376657033505559,6.2411916441744,2850.2971354425417
669,5.187692685653486,0.00837228187083372,6.240543715550622,2853.256325133269
670,5.187345798939788,0.00836829838348729,6.239885900116221,2855.171658875409
671,5.187001240351639,0.008363933664028348,6.239230306139373,2858.3417098630484
672,5.1866589792902715,0.008359882656514089,6.238594525072562,2860.696852560043
673,5.186318985723839,0.008356021981671465,6.237953748760509,2862.6398674834477
674,5.18598123014008,0.00835184652250338,6.237309846745185,2865.7635061999845
675,5.185645683553057,0.008348100089283902,6.236684717534031,2867.719962998297
676,5.185312317539294,0.008344270983520585,6.2360599845443625,2870.1293243771893
677,5.184981104178073,0.008340345442148206,6.235429566626447,2873.105483145732
678,5.184652016097013,0.008336806336876314,6.234814597450387,2875.0612146172975
679,5.184325026461774,0.008332975092908064,6.234204346957667,2878.196412791583
680,5.184000108948698,0.008329374700932025,6.233588324393661,2880.8479527227005
681,5.18367723778426,0.008325851621101436,6.2329836047452485,2883.481287198104
682,5.183356387713717,0.008322144912041191,6.232386343639748,2887.000787163964
683,5.183037534006844,0.008318789684514404,6.231785032691795,2889.553134349247
684,5.182720652470944,0.008315173858109978,6.231191181390397,2893.2875904777975
685,5.1824057194247715,0.008311779259183957,6.2306059899343715,2896.4604910826943
686,5.182092711718025,0.008308372050393632,6.230019357975809,2899.920014469038
687,5.181781606722288,0.008304890087745678,6.2294371125078944,2903.8997294149426
688,5.181472382319909,0.008301645786619577,6.228863453340155,2907.238859168321
689,5.181165016921087,0.008298146254643812,6.228291031358708,2911.773670186847
690,5.180859489445294,0.008294965056606186,6.227720824260988,2915.303097712417
691,5.180555779322271,0.008291519132615098,6.227158366993542,2920.1233316594307
692,5.180253866499917,0.008288335339613376,6.226599476588469,2924.166390576256
693,5.1799537314268225,0.0082849669750999,6.226041542412107,2929.150977256402
694,5.179655355057657,0.00828176337156842,6.225490282127668,2933.7243943152407
695,5.179358718852605,0.008278460923778111,6.224944363438119,2938.9474645223886
696,5.1790638047654465,0.008275242211640771,6.224398860146661,2944.097463774451
697,5.178770595247602,0.008271984569541025,6.223858989809263,2949.659745040913
698,5.178479073242787,0.008268759067074867,6.22332554847858,2955.335574388995
699,5.178189222179707,0.008265529457254464,6.222792433924688,2961.2868603950806
700,5.177901025973311,0.008262299122569518,6.222264087404326,2967.5057919361006
701,5.177614469016836,0.008259089294358448,6.221742622070563,2973.8897346216063
702,5.177329536177367,0.008255847909413697,6.221221710332134,2980.654067974559
703,5.177046212794094,0.008252661709118573,6.220704978131119,2987.4397115720462
704,5.176764484669336,0.008249387693473775,6.220195110036377,2994.842627435782
705,5.176484338064933,0.008246253737281984,6.21968624713151,3001.850389780194
706,5.176205759697918,0.0082428858085422,6.219181216274747,3010.1638435112645
707,5.175928736731852,0.008239904346647127,6.218682690577796,3016.9119242641887
708,5.17565325677214,0.008236254395934353,6.218185728737521,3026.9877889576114
709,5.175379307860103,0.008233770203447378,6.217692371720066,3031.8342900616553
710,5.175106878464595,0.008229218937638606,6.217204954066629,3046.7450192359684
711,5.174835957475681,0.008228504364613096,6.216719699217902,3043.778462112225
712,5.174566534197508,0.008221001841211675,6.216237864794312,3074.7291674583025
713,5.174298598339595,0.008227548862368341,6.215761369710211,3041.335622272352
714,5.174032140009591,0.008211871986883789,6.215287636356718,3131.034986733041
715,5.17376714970425,0.008259397379595846,6.2148171280908,2972.74576982175
716,5.1735036183005105,0.008249918136859423,6.21435144343723,3277.2245407968685
717,5.173241537047162,0.008681684542846289,6.213889033533958,2568.3961554379853
718,5.1729808975543055,0.00857863848727212,6.213429600213612,3440.5982324058077
719,5.172721691784223,0.01024776134300899,6.212974614812664,1791.9778310066627
720,5.172463912041378,0.008521488359579324,6.212523252594109,2679.7450127207353
721,5.172207550961538,0.01505859801311249,6.212074597033919,2446.6282208419734
722,5.171952601501324,0.0242873802089187,6.211630182901481,1373.7627195279592
723,5.171699056927443,0.03658729196002902,6.211189546991589,4703.430920151515
724,5.171446910804964,0.041730726347542615,6.210751403018053,2198.702648110868
725,5.1711961569861025,0.033211977628933076,6.210317425037147,627.5473874992506
726,5.170946789598279,0.023302956075097834,6.209887180453929,1515.6046563019804
727,5.170698803032041,0.015599556382398991,6.209459315964255,1482.2997524618988
728,5.170452191928906,0.01248792512206905,6.209035569892265,1888.508784710407
729,5.170206951168748,0.011464512683193703,6.208615351202169,4510.329603882472
730,5.169963075857115,0.011112343877372883,6.208197520483831,8240.837508958268
731,5.169720561312325,0.012817246429704592,6.207783700864253,13585.985570281488
732,5.169479403052694,0.014622710457326698,6.207373145948082,16081.920041698479
733,5.169239596783072,0.01392325209352091,6.206965084897598,14358.233432325313
734,5.169001138381738,0.012492064455024772,6.206560829482025,11550.395166532868
735,5.168764023887118,0.011885107783771855,6.206159622648826,9901.390984990116
736,5.168528249484357,0.011897795341993492,6.205761028164746,9108.593891235609
737,5.168293811491781,0.011888547235107622,6.20536594551855,8912.23049893352
738,5.168060706347648,0.011705849067684005,6.204973784876604,9992.290378857999
739,5.167828930596544,0.011471855194291131,6.204584268881182,13155.562564404143
740,5.167598480876182,0.011400747437950371,6.204197952814619,18522.622414539008
741,5.167369353904025,0.011619604794445314,6.203814503579557,25167.167829268248
742,5.1671415464640535,0.012007190275848904,6.203433608269698,30967.49014903147
743,5.166915055393711,0.012251349407464664,6.20305567310217,33311.58351573786
744,5.166689877571034,0.012096776675160487,6.202680550438812,31104.931136146835
745,5.166466009901876,0.011537839142238156,6.202307804181035,25713.578705903434
746,5.16624344930733,0.010789326250604915,6.201937880425383,19520.176738324524
747,5.166022192711541,0.010074778818090584,6.201570633840062,14304.78165571838
748,5.165802237029677,0.00949854022610511,6.201205579608146,10757.107640987353
749,5.165583579156134,0.009070237592937359,6.200843262432674,8675.101219668015
750,5.1653662159533,0.008761338545587706,6.2004833881491415,7536.2082718467955
751,5.165150144240271,0.008540620246989018,6.200125588855051,7052.148101039892
752,5.16493536078237,0.008391756691124332,6.199770409782974,7318.9501346726865
753,5.164721862280729,0.00831577248450141,6.199417403952378,8496.432080358069
754,5.164509645362347,0.008311087650717043,6.199066424213735,10338.655679068372
755,5.1642987065707615,0.008342648949301274,6.19871786305304,12107.804059181046
756,5.16408904235692,0.008353583396834688,6.198371252021177,13022.058603083584
757,5.163880649070702,0.008327077304008987,6.198026614373898,12762.482309978155
758,5.1636735229528,0.00830611070180552,6.197684133422012,11589.128712859963
759,5.163467660127177,0.008339033944228986,6.197343454304906,10079.914183038643
760,5.163263056594109,0.008428089460325291,6.197004625415087,8767.394711948959
761,5.163059708223631,0.008524554830747062,6.196667711119392,7936.895667153252
762,5.1628576107494535,0.008561812875190571,6.196332477915673,7644.8907042587025
763,5.162656759763736,0.008509776042249582,6.195998909286269,7838.95364074121
764,5.162457150712074,0.008395738189158213,6.1956670779303264,8453.828799217632
765,5.162258778889277,0.008267749880052954,6.19533676458175,9431.914679982448
766,5.162061639435539,0.008159022534813466,6.1950079352179515,10687.806607679717
767,5.161865727333338,0.008083029539438527,6.194680691875751,12068.974208290912
768,5.161671037404792,0.008039962173498902,6.194354754670492,13356.482522800898
769,5.161477564309672,0.008021638917985716,6.194030173659882,14314.866696282643
770,5.161285302543709,0.008016447266018892,6.1937069885659035,14764.190755939835
771,5.161094246437992,0.008015805724620286,6.193384914343358,14636.254300797173
772,5.160904390158401,0.008018295081209763,6.193064091337789,13991.229671393909
773,5.16071572770577,0.008027944973886198,6.19274443108023,12991.681976221742
774,5.160528252916665,0.008048800018156606,6.192425748580946,11846.143259145369
775,5.1603419594646365,0.008080682365770869,6.192108171335941,10746.63913914222
776,5.160156840861808,0.008118460394453453,6.191791541053524,9826.617376799186
777,5.159972890461353,0.008153926028234507,6.191475782154972,9151.682218622125
778,5.159790101459942,0.008178782761339081,6.191160939777749,8735.108781811774
779,5.1596084669011795,0.00818775069828984,6.190846884767959,8558.972623616499
780,5.159427979678923,0.00818060000857265,6.190533565635183,8586.841979486237
781,5.159248632541648,0.008161830004457853,6.190220992082235,8765.892523414288
782,5.159070418096651,0.008138012056259577,6.189909066160099,9026.253910599895
783,5.158893328815002,0.00811457436171558,6.189597722508924,9287.039596909308
784,5.158717357036759,0.008094095321124251,6.189286993567604,9472.3009713223
785,5.15854249497637,0.008076787873550246,6.188976750022029,9531.16971261755
786,5.1583687347285405,0.008062178098352071,6.1886669687410105,9452.184011763062
787,5.158196068274556,0.008050370751910929,6.18835766558027,9263.900191658538
788,5.158024487488447,0.008042098778167518,6.188048692682393,9021.924791664555
789,5.157853984143665,0.008038006422850543,6.18774009225889,8789.279026427168
790,5.157684549920032,0.008038076644384932,6.18743180791482,8619.206945376052
791,5.1575161764106205,0.00804162324230429,6.187123748925961,8545.956302893694
792,5.157348855129062,0.008047641767010776,6.186815953296293,8583.239303669194
793,5.157182577516787,0.00805513648878428,6.186508333158342,8726.572670954758
794,5.157017334950442,0.008063228825379696,6.186200855749897,8956.125807044193
795,5.156853118749435,0.008071083062955372,6.185893517145103,9239.276469452045
796,5.156689920183543,0.008077801008496269,6.185586255712996,9534.178359327308
797,5.156527730480372,0.008082431558094344,6.185279039285524,9795.680206298783
798,5.156366540832994,0.008084146892991006,6.1849718661888184,9983.384074585603
799,5.156206342407716,0.008082510993009207,6.184664674989548,10069.848176038053
800,5.1560471263512575,0.00807767623681354,6.184357445209926,10046.219275711095
801,5.155888883798578,0.008070369909754615,6.184050179487732,9923.273385033453
802,5.1557316058800815,0.008061659961356368,6.183742801336913,9727.634616156578
803,5.1555752837288695,0.008052625253923461,6.183435332507809,9494.710632900198
804,5.155419908488054,0.008044096210055418,6.183127734911627,9260.763019285014
805,5.155265471317579,0.008036560711589069,6.182819968988506,9056.44391041522
806,5.155111963401168,0.008030221372476273,6.182512052504299,8902.90624860505
807,5.154959375953091,0.008025120191509182,6.182203934167054,8810.515840605405
808,5.154807700224387,0.008021243278762392,6.181895609825181,8779.34466019875
809,5.154656927509369,0.008018559933475194,6.1815870710618555,8800.746474399317
810,5.1545070491515705,0.008017002160756658,6.181278289979089,8859.611372470523
811,5.154358056549494,0.008016423123981072,6.180969257937051,8937.174975727068
812,5.154209941162317,0.008016579638015088,6.180659975195248,9014.395492621537
813,5.154062694515082,0.008017157147463231,6.180350408725516,9075.293969958093
814,5.153916308203786,0.00801782563573228,6.180040568796224,9109.716689196634
815,5.153770773900237,0.008018292885102186,6.179730443369289,9114.68449575748
816,5.153626083356382,0.008018330255861777,6.179420011168592,9094.077109865151
817,5.1534822284087145,0.008017770560927593,6.179109292694703,9056.80022830513
818,5.15333920098222,0.008016497521921254,6.178798258639913,9014.257683857246
819,5.1531969930939,0.008014443600746128,6.178486919821774,8977.592233894547
820,5.153055596856223,0.008011601732830196,6.178175273517516,8955.571880195217
821,5.152915004480343,0.008008038597180992,6.177863312019571,8953.253690115647
822,5.1527752082787694,0.00800389579173309,6.177551040643768,8971.499163020908
823,5.152636200667926,0.00799937128433854,6.177238463672232,9007.257051802944
824,5.152497974170423,0.007994685785998639,6.176925571742215,9054.400193917376
825,5.152360521417139,0.007990045969629057,6.176612382737142,9105.05730879024
826,5.152223835148843,0.007985617647345834,6.176298890808097,9151.110703131815
827,5.152087908217572,0.007981515709394447,6.175985101748243,9185.724521211583
828,5.151952733588091,0.007977808832527158,6.175671030463045,9204.538462378405
829,5.15181830433855,0.007974530496043722,6.175356670625179,9206.350913085664
830,5.151684613661403,0.007971687900172442,6.175042041881454,9193.116133246554
831,5.151551654863822,0.007969264003501331,6.1747271469487455,9169.260541277998
832,5.151419421367862,0.007967216351969378,6.174411995592012,9140.654518152856
833,5.151287906710738,0.007965476973888806,6.174096600016279,9113.347649497256
834,5.151157104544333,0.007963957413000603,6.173780972108612,9092.470198237052
835,5.151027008635095,0.007962559148193864,6.1734651166096235,9081.42551311525
836,5.150897612863355,0.007961185576012724,6.1731490595176695,9081.486482128134
837,5.1507689112226736,0.00795975234882101,6.172832796362407,9091.805574743144
838,5.150640897818769,0.007958192961705128,6.172516358943421,9109.755932827411
839,5.150513566868782,0.00795646111482214,6.172199745497494,9131.588534671644
840,5.150386912699676,0.007954529945122786,6.1718829850979775,9153.169761880605
841,5.150260929747223,0.00795239147953209,6.17156607828344,9170.798949558097
842,5.150135612554345,0.007950055336769218,6.1712490605908785,9181.830103028153
843,5.150010955769614,0.00794754751293041,6.170931920251508,9185.109825373203
844,5.149886954145474,0.00794490707891711,6.170614713470208,9181.07059752257
845,5.149763602536578,0.007942181496521795,6.1702974057163065,9171.554317243263
846,5.149640895897767,0.007939420225335673,6.16998007994582,9159.336771910495
847,5.149518829282172,0.007936669355905961,6.169662673147487,9147.571471505682
848,5.1493973978392065,0.007933967808753696,6.169345305632606,9139.214479067805
849,5.149276596812287,0.007931345372316632,6.169027864181509,9136.502807967352
850,5.149156421536924,0.00792882290811057,6.168710543229456,9140.631508790539
851,5.1490368674383795,0.007926412988914704,6.168393124128856,9151.674005046912
852,5.148917930029393,0.007924120692873748,6.168075951837948,9168.63112318868
853,5.148799604907957,0.007921943843752381,6.167758598437271,9189.687519085712
854,5.148681887755032,0.007919873609939208,6.16744170178431,9212.587496033599
855,5.1485647743321685,0.007917895177462286,6.167124423520754,9235.021774121857
856,5.148448260479072,0.007915989236387833,6.166807985083047,9255.015381324318
857,5.14833234211158,0.007914133987208524,6.166490710824897,9271.20925408586
858,5.148217015218815,0.007912306832132966,6.166175036202504,9282.992824790643
859,5.148102275861523,0.007910486555492549,6.165857513511289,9290.540724016879
860,5.147988120168899,0.007908654380380298,6.1655431821261075,9294.650665649659
861,5.147874544337778,0.00790679495376794,6.165224745848412,9296.539121813104
862,5.147761544628606,0.007904897194039666,6.1649129673960354,9297.557438675201
863,5.147649117367333,0.00790295484811612,6.164591985294365,9298.962532052714
864,5.1475372589404,0.00790096659999313,6.164285463594439,9301.69453056771
865,5.147425965805493,0.007898936054792405,6.163957982650423,9306.268232617078
866,5.1473152344904225,0.007896871047029092,6.163663044985226,9312.75756902313
867,5.1472050616415235,0.00789478234992241,6.163319423091424,9320.850474397059
868,5.147095444070709,0.007892682359878953,6.163051375879756,9329.979682936582
869,5.1469863789981405,0.00789058354145957,6.162667720413543,9339.474707638867
870,5.146877864475552,0.007888497271013813,6.162464611768351,9348.725481093355
871,5.146769900788295,0.007886432995305715,6.161980551772712,9357.321471944091
872,5.1466624935688134,0.007884397580320895,6.161939289544986,9365.10130468132
873,5.146555662840686,0.007882395192658442,6.16119907293583,9372.20451342661
874,5.14644946527919,0.007880427199615556,6.16157219981049,9378.985943516609
875,5.14634405729217,0.007878492459964567,6.1601654920768905,9385.957657928018
876,5.14623985599515,0.007876587701445802,6.161625983265408,9393.658448877748
877,5.146138008999953,0.007874708054300492,6.1584495495613165,9402.549821855318
878,5.146041574808894,0.007872847824571106,6.162831495424033,9412.90675287348
879,5.145959277142751,0.007871001069514355,6.154863873251328,9424.777905434463
880,5.145914016157288,0.007869162324625626,6.1672860675158985,9437.998821954667
881,5.14597577897155,0.007867326889485582,6.146146548349703,9452.17413882002
882,5.146313693506946,0.007865491131306553,6.181267773537427,9466.795578520141
883,5.147518319545205,0.007863652527698294,6.123935444375955,9481.305902426473
884,5.150572440604552,0.007861809668336292,6.224136280984603,9495.198037408038
885,5.1599682241441895,0.00785996205135819,6.073932809197548,9508.08805427316
886,5.171822602418511,0.007858110024720932,6.336342885240002,9519.779620419347
887,5.199906194283768,0.007856254532742118,5.999771530557962,9530.260509337204
888,5.173704994113042,0.007854397052102698,6.42043058614226,9539.716655337363
889,5.16016862341757,0.007852539202650749,5.931392661079451,9548.449670529653
890,5.154729538196312,0.007850682916034668,6.339500877650493,9556.861832073684
891,5.154749165017369,0.007848830056978163,6.076233722819742,9565.343692065357
892,5.156287993470822,0.007846982500472544,6.1309267521553785,9574.23979302166
893,5.154133490313772,0.007845142047965468,6.314432479903144,9583.799270609623
894,5.1583377189694515,0.007843310316066741,5.928561041590976,9594.133260063541
895,5.161782793802782,0.007841488667972655,6.416467970310735,9605.239715170235
896,5.158263355555914,0.007839678202618564,5.943236843656294,9617.010798892245
897,5.14916653740384,0.007837879575910173,6.2796372398097215,9629.260106447779
898,5.144152921122449,0.007836092967767909,6.145595263468879,9641.781507365098
899,5.147143263078011,0.007834318125960056,6.057059016461979,9654.381906166536
900,5.15240946425466,0.007832554214886427,6.3240107108306445,9666.911640076043
901,5.153357081359185,0.007830800067554213,5.971090822189914,9679.285915493609
902,5.14996833741339,0.007829054120134384,6.3129069568068505,9691.48967492257
903,5.147243614131936,0.007827314785800205,6.059544075892257,9703.571140363476
904,5.146596740900689,0.007825580338686388,6.182010994471796,9715.610460299926
905,5.146861563189757,0.00782384928021239,6.1868795457262795,9727.69940173106
906,5.145624208657943,0.007822120427843596,6.084418450809607,9739.928567164354
907,5.1449879964627065,0.007820392898777697,6.232988491591678,9752.347293860616
908,5.146123825725586,0.007818666401490832,6.07945630520218,9764.969024521426
909,5.147132605503342,0.007816941003677904,6.215395558156482,9777.764108699552
910,5.146963097280158,0.007815217245075157,6.111241686086377,9790.68117607553
911,5.144397984244504,0.00781349588044725,6.182699339286017,9803.620752360493
912,5.142975466118065,0.007811777893446717,6.134523383606381,9816.499749277924
913,5.1434490301784495,0.007810064346232142,6.153574567272756,9829.257061504051
914,5.144439441395682,0.007808356191525059,6.167904954686364,9841.843754894811
915,5.144783882418534,0.007806654233251904,6.1163498216961925,9854.256905313508
916,5.144003206164578,0.00780495908057961,6.2052081741297656,9866.532914741829
917,5.143562857232915,0.007803271064267302,6.085569381852393,9878.7281724426
918,5.143527629826375,0.007801590298731785,6.212918661926307,9890.923419418514
919,5.143335429234292,0.007799916685047141,6.100970172466441,9903.201678603535
920,5.142751212434959,0.007798250088802558,6.171295450911434,9915.641572303763
921,5.142265268958579,0.00779659008825667,6.156136411464445,9928.278386697133
922,5.142379129656952,0.007794936355199721,6.111409561092521,9941.135873521498
923,5.142824051558431,0.007793288571483561,6.202734376741721,9954.207589386293
924,5.142977567367026,0.007791646390279919,6.085649344770951,9967.457985301513
925,5.142619715541438,0.007790009497033993,6.202538910875712,9980.827175588089
926,5.142122188568463,0.00778837765418269,6.107103063173228,9994.256511821219
927,5.141865014870139,0.007786750612475114,6.166972455812937,10007.684524981105
928,5.141847085837299,0.007785128187832293,6.145527707699175,10021.060882344065
929,5.141786221598481,0.0077835101307682526,6.13396330050077,10034.352503707287
930,5.141608633555377,0.007781896300911947,6.166939359855222,10047.555356834762
931,5.141443808301043,0.007780286501348637,6.123316482824061,10060.671294680387
932,5.141435463492394,0.007778680645017411,6.167892266217408,10073.731259191025
933,5.141527374210588,0.007777078594496939,6.12650733133333,10086.765057237086
934,5.141510182176715,0.007775480354521164,6.164275065952291,10099.810700176115
935,5.1413560979561,0.007773885968793107,6.1273720953906725,10112.896034957786
936,5.141111565111976,0.007772295488590655,6.164368452327667,10126.035527291513
937,5.140940286413326,0.0077707091259197475,6.125000592941101,10139.247321977098
938,5.140861039357348,0.007769127099363195,6.162765621588774,10152.525784111607
939,5.140801466762467,0.007767549602244297,6.129287066266455,10165.858747036647
940,5.1406999554602955,0.007765976844302322,6.1518011391544505,10179.226779298877
941,5.140571410156256,0.007764409030957504,6.143356500988711,10192.60778150284
942,5.14047793738316,0.007762846251897444,6.134201535045501,10205.988146569685
943,5.1404415905564775,0.007761288626531209,6.1591891354071935,10219.36064350575
944,5.140426751038267,0.007759736073565079,6.1207404658803135,10232.714978798154
945,5.140382230500421,0.007758188517518632,6.166609111821611,10246.06010535146
946,5.140295151098374,0.0077566458277674435,6.118037090074873,10259.402573394618
947,5.140192563778936,0.007755107813436539,6.163633222127958,10272.75728577882
948,5.1401075804548855,0.0077535742391822825,6.12314196536126,10286.125846668097
949,5.140042965214926,0.007752044986807469,6.156892476681309,10299.524507643458
950,5.139982189161667,0.007750519869131526,6.128164207144586,10312.953744043549
951,5.139899327434234,0.007748998728033005,6.153428896343991,10326.40333391708
952,5.139803615485665,0.007747481540119719,6.128242765899472,10339.873276266384
953,5.139705878808311,0.007745968176395837,6.154655609724022,10353.3398167186
954,5.139624223933067,0.007744458710316677,6.124832665123098,10366.81419156666
955,5.139556564508196,0.007742953061977693,6.15720143630418,10380.260875517231
956,5.13949209846272,0.007741451281562299,6.122150591349904,10393.69103574919
957,5.139420999037992,0.007739953383413115,6.157596895868949,10407.089951152831
958,5.1393441047130715,0.007738459364467749,6.122181382282447,10420.460894566888
959,5.139269499830432,0.007736969254342233,6.155807818389074,10433.804170684723
960,5.139205724569901,0.007735483028066114,6.123167778313564,10447.13131337876
961,5.139154045029603,0.007734000699195944,6.154837360445141,10460.454376768781
962,5.1391139579320715,0.007732522229135234,6.121584459871411,10473.780639669401
963,5.139079732286856,0.007731047603840265,6.157953540731237,10487.116468778842
964,5.13906162184487,0.007729576798436981,6.114847316455879,10500.470192087085
965,5.139063103848633,0.007728109846803352,6.1668346717313,10513.845081909958
966,5.139112886276282,0.007726646699245017,6.10214520681718,10527.237765453572
967,5.139223097042873,0.00772518738796019,6.182075822352983,10540.636281560626
968,5.139449171202944,0.007723731897973672,6.082888046666817,10554.043659587282
969,5.139822495462857,0.007722280233635942,6.20544317192901,10567.445472786083
970,5.140495789536155,0.007720832381747041,6.054239575138299,10580.836100303122
971,5.141540556977841,0.007719388305700851,6.242589638651845,10594.20870847031
972,5.143439027946777,0.007717948002063872,6.009236508835216,10607.562866088967
973,5.14620981824438,0.0077165114047038795,6.305229185722296,10620.899735632245
974,5.151397354689069,0.0077150784514673125,5.936363792087439,10634.211408913425
975,5.158135262198126,0.007713649093298184,6.411267645201091,10647.507433812774
976,5.170959242025205,0.007712223271622765,5.822469516723516,10660.790176429664
977,5.18469231672633,0.007710800928900783,6.576437617596168,10674.066131910411
978,5.2100831736168045,0.007709382024819761,5.663319738315877,10687.327554836706
979,5.231848680259086,0.007707966553386816,6.788551331307801,10700.58678151334
980,5.266817309579703,0.007706554481275928,5.491161969210689,10713.831519775076
981,5.283433097336868,0.0077051458100816355,6.965100582937344,10727.0604880146
982,5.295882353510762,0.007703740529014739,5.419003743799078,10740.28277136227
983,5.262827072509056,0.007702338620527114,6.899839136370879,10753.484313940813
984,5.215256010193117,0.007700940115624296,5.625306438363681,10766.676782160861
985,5.160715331622566,0.007699544967214514,6.435512462572735,10779.850666013032
986,5.140017305323653,0.007698153183440439,6.1353901152304005,10793.014232949557
987,5.154126553558786,0.007696764729594062,5.88748641408093,10806.161965569489
988,5.176827354786864,0.007695379618492303,6.546095117336928,10819.300325618231
989,5.183916638296806,0.007693997751137849,5.761196455602532,10832.428533054635
990,5.162178124867925,0.0076926191692547365,6.4207236900118305,10845.544026379222
991,5.14460951102512,0.007691243818346856,6.076002412852945,10858.660766544368
992,5.142171616242723,0.007689871653480578,6.011253907347937,10871.7620425553
993,5.154101504192666,0.007688502697752684,6.390807492197186,10884.857093012028
994,5.1636990803725435,0.007687136903874459,5.903032278817453,10897.937337709101
995,5.150356142307333,0.007685774252411286,6.309524498626184,10911.008021509404
996,5.139065930497443,0.007684414773498553,6.114960497332033,10924.061592092961
997,5.140191041035988,0.0076830584057605115,6.03597567253679,10937.100709256069
998,5.148996096902999,0.007681705143904569,6.318560278018529,10950.121184774864
999,5.152728765324873,0.007680354980244592,5.981126671738924,10963.1215853256
1000,5.1417859228020095,0.007679007880644089,6.237805648878428,10976.093727755378
